Image Name,Original JSON,Updated JSON
1711725089132.png,"{'x': [0, 1, 2, 3, 4], 'y': [0, 1, 4, 9, 16]}","{'x': [0, 1, 2, 3, 4], 'y': [0.750227411938333, 0.14695171013191488, 4.667838940662468, 8.166575594497422, 16.806478501974667]}"
1711725089132.png,"{'x': [0, 1, 2, 3, 4], 'y': [0, 1, 4, 9, 16]}","{'x': [0, 1, 2, 3, 4], 'y': [0.24744992013491318, 1.2020838527998914, 4.317260911028631, 8.307880865826588, 16.484308873404956]}"
1711725089132.png,"{'x': [0, 1, 2, 3, 4], 'y': [0, 1, 4, 9, 16]}","{'x': [0, 1, 2, 3, 4], 'y': [-0.19270496236565804, 0.8852339074835294, 3.3809993283506428, 9.053706088318755, 16.6962174106068]}"
1711725089132.png,"{'x': [0, 1, 2, 3, 4], 'y': [0, 1, 4, 9, 16]}","{'x': [0, 1, 2, 3, 4], 'y': [0.6254159285481209, 0.861062139297806, 4.47343697813585, 9.485419842934014, 15.888301447977057]}"
1711725089132.png,"{'x': [0, 1, 2, 3, 4], 'y': [0, 1, 4, 9, 16]}","{'x': [0, 1, 2, 3, 4], 'y': [-0.6677141248734657, 1.5518831882216857, 4.095996881247486, 8.440950456806755, 15.252392783018824]}"
1711725089132.png,"{'x': [0, 1, 2, 3, 4], 'y': [0, 1, 4, 9, 16]}","{'x': [0, 1, 2, 3, 4], 'y': [0.8387295828127075, 1.6645156210015588, 4.416554606312635, 9.36210517866148, 16.717848437339267]}"
1711725089132.png,"{'x': [0, 1, 2, 3, 4], 'y': [0, 1, 4, 9, 16]}","{'x': [0, 1, 2, 3, 4], 'y': [0.07358868317059986, 1.5164441438458687, 3.2247594940080653, 9.125254424978566, 16.1174773361136]}"
1711725089217.png,"{'x': [0, 1, 2, 3, 4], 'y': [0, 1, 4, 9, 16]}","{'x': [0, 1, 2, 3, 4], 'y': [0.7507481946934356, 1.587084638498266, 4.088178027203038, 9.13830517410481, 16.239137520977252]}"
1711725089132.png,"{'x': [0, 1, 2, 3, 4], 'y': [0, 1, 4, 9, 16]}","{'x': [0, 1, 2, 3, 4], 'y': [-0.7782871927096469, 1.421233451100156, 4.712397521759349, 9.973715585356548, 16.811449445502376]}"
1711725089159.png,"{'x': [0, 1, 2, 3, 4], 'y': [0, 1, 4, 9, 16]}","{'x': [0, 1, 2, 3, 4], 'y': [-0.6127313173221638, 0.7340397108592798, 3.624058331117207, 8.177437493804945, 15.53095855068754]}"
Actual Sales vs. Month (4).png,"{'x': [0, 1, 2, 3, 4], 'y': [0, 1, 4, 9, 16]}","{'x': [0, 1, 2, 3, 4], 'y': [-0.0793763702737289, 1.458876034785494, 3.0068087585230434, 9.031725141664223, 16.5439733087039]}"
1711725089132.png,"{'x': [0, 1, 2, 3, 4], 'y': [0, 1, 4, 9, 16]}","{'x': [0, 1, 2, 3, 4], 'y': [-0.05940148299042036, 1.078576433328491, 4.808851409604486, 9.41399036350737, 16.44156846674596]}"
1711725089132.png,"{'x': [0, 1, 2, 3, 4], 'y': [0, 1, 4, 9, 16]}","{'x': [0, 1, 2, 3, 4], 'y': [0.4480067623946409, 1.0016068061590435, 3.5424314324064854, 8.84250866198926, 16.443714348757865]}"
1711725089159.png,"{'x': [0, 1, 2, 3, 4], 'y': [0, 1, 4, 9, 16]}","{'x': [0, 1, 2, 3, 4], 'y': [-0.998035620206364, 1.5547960040491202, 3.982274130236214, 8.824427096515985, 15.012598273015174]}"
"A, B and C (1).png","{'x': [0, 1, 2, 3, 4], 'y': [0, 1, 4, 9, 16]}","{'x': [0, 1, 2, 3, 4], 'y': [0.8687664664949835, 1.958976258808305, 3.1545953744750643, 9.880960938405131, 15.52824201875975]}"
1711725089217.png,"{'x': [0, 1, 2, 3, 4], 'y': [0, 1, 4, 9, 16]}","{'x': [0, 1, 2, 3, 4], 'y': [-0.03779707564716661, 0.3405009645439778, 3.784322195887532, 8.772310326279907, 15.837485697107866]}"
1711725089217.png,"{'x': [0, 1, 2, 3, 4], 'y': [0, 1, 4, 9, 16]}","{'x': [0, 1, 2, 3, 4], 'y': [-0.20816108842788372, 1.6754393810840598, 3.062717994715123, 9.671263197894646, 15.338465875254263]}"
1711725089217.png,"{'x': [0, 1, 2, 3, 4], 'y': [0, 1, 4, 9, 16]}","{'x': [0, 1, 2, 3, 4], 'y': [-0.06862758129708624, 1.6379077155679205, 4.097459260442934, 9.220299598727516, 16.82138946660797]}"
1711725089132.png,"{'x': [0, 1, 2, 3, 4], 'y': [0, 1, 4, 9, 16]}","{'x': [0, 1, 2, 3, 4], 'y': [0.6425932572634974, 1.8580710416376278, 4.584226308344611, 8.56508127464984, 15.43838263818143]}"
1711725089132.png,"{'x': [0, 1, 2, 3, 4], 'y': [0, 1, 4, 9, 16]}","{'x': [0, 1, 2, 3, 4], 'y': [0.02998806704206003, 1.2340360102142305, 3.3007767566383546, 9.49640849313288, 15.32942112138413]}"
1711725089132.png,"{'x': [0, 1, 2, 3, 4], 'y': [0, 1, 4, 9, 16]}","{'x': [0, 1, 2, 3, 4], 'y': [-0.9875741973626735, 1.5239809593336358, 4.671915683867165, 8.998966992557262, 16.51296515463015]}"
1711725089217.png,"{'x': [0, 1, 2, 3, 4], 'y': [0, 1, 4, 9, 16]}","{'x': [0, 1, 2, 3, 4], 'y': [-0.6820084184196138, 0.0824576520129785, 3.3424000322759806, 9.471707371864001, 16.605203446421523]}"
1711725089132.png,"{'metadata': {'title': 'Global and regional inflation', 'xaxis': {'title': 'Year'}, 'yaxis': {'title': 'Inflation Rate'}, 'legend': ['World', 'Developed Economies', 'Economies in transition', 'Africa', 'East Asia', 'South Asia', 'Western Asia and the Caribbean', 'Latin America and the Caribbean']}, 'data': [{'name': 'World', 'x': ['2010-2019 Average', '2022', '2023', '2024'], 'y': [5, 8, 5, 6]}, {'name': 'Developed Economies', 'x': ['2010-2019 Average', '2022', '2023', '2024'], 'y': [2, 5, 4, 5]}, {'name': 'Economies in transition', 'x': ['2010-2019 Average', '2022', '2023', '2024'], 'y': [8, 14, 8, 10]}, {'name': 'Africa', 'x': ['2010-2019 Average', '2022', '2023', '2024'], 'y': [11, 17, 14, 18]}, {'name': 'East Asia', 'x': ['2010-2019 Average', '2022', '2023', '2024'], 'y': [2, 4, 3, 4]}, {'name': 'South Asia', 'x': ['2010-2019 Average', '2022', '2023', '2024'], 'y': [11, 14, 10, 13]}, {'name': 'Western Asia and the Caribbean', 'x': ['2010-2019 Average', '2022', '2023', '2024'], 'y': [25, 21, 18, 15]}, {'name': 'Latin America and the Caribbean', 'x': ['2010-2019 Average', '2022', '2023', '2024'], 'y': [9, 12, 9, 11]}]}","{'metadata': {'title': 'Global and regional inflation', 'xaxis': {'title': 'Year'}, 'yaxis': {'title': 'Inflation Rate'}, 'legend': ['World', 'Developed Economies', 'Economies in transition', 'Africa', 'East Asia', 'South Asia', 'Western Asia and the Caribbean', 'Latin America and the Caribbean']}, 'data': [{'name': 'World', 'x': ['2010-2019 Average', '2022', '2023', '2024'], 'y': [5, 8, 5, 6]}, {'name': 'Developed Economies', 'x': ['2010-2019 Average', '2022', '2023', '2024'], 'y': [2, 5, 4, 5]}, {'name': 'Economies in transition', 'x': ['2010-2019 Average', '2022', '2023', '2024'], 'y': [8, 14, 8, 10]}, {'name': 'Africa', 'x': ['2010-2019 Average', '2022', '2023', '2024'], 'y': [11, 17, 14, 18]}, {'name': 'East Asia', 'x': ['2010-2019 Average', '2022', '2023', '2024'], 'y': [2, 4, 3, 4]}, {'name': 'South Asia', 'x': ['2010-2019 Average', '2022', '2023', '2024'], 'y': [11, 14, 10, 13]}, {'name': 'Western Asia and the Caribbean', 'x': ['2010-2019 Average', '2022', '2023', '2024'], 'y': [25, 21, 18, 15]}, {'name': 'Latin America and the Caribbean', 'x': ['2010-2019 Average', '2022', '2023', '2024'], 'y': [9, 12, 9, 11]}]}"
1711725089132.png,"{'metadata': {'title': 'Global and regional inflation', 'xaxis': {'title': 'Year'}, 'yaxis': {'title': 'Inflation rate (%)'}}, 'data': [{'name': 'World', 'x': ['2010-2019 Average', '2022', '2023', '2024'], 'y': [5, 8, 5, 6]}, {'name': 'Developed Economies', 'x': ['2010-2019 Average', '2022', '2023', '2024'], 'y': [2, 5, 4, 5]}, {'name': 'Economies in transition', 'x': ['2010-2019 Average', '2022', '2023', '2024'], 'y': [8, 14, 8, 10]}, {'name': 'Africa', 'x': ['2010-2019 Average', '2022', '2023', '2024'], 'y': [11, 17, 14, 18]}, {'name': 'East Asia', 'x': ['2010-2019 Average', '2022', '2023', '2024'], 'y': [2, 4, 3, 4]}, {'name': 'South Asia', 'x': ['2010-2019 Average', '2022', '2023', '2024'], 'y': [11, 14, 10, 13]}, {'name': 'Western Asia and the Caribbean', 'x': ['2010-2019 Average', '2022', '2023', '2024'], 'y': [25, 21, 18, 15]}, {'name': 'Latin America and the Caribbean', 'x': ['2010-2019 Average', '2022', '2023', '2024'], 'y': [9, 12, 9, 11]}]}","{'metadata': {'title': 'Global and regional inflation', 'xaxis': {'title': 'Year'}, 'yaxis': {'title': 'Inflation rate (%)'}}, 'data': [{'name': 'World', 'x': ['2010-2019 Average', '2022', '2023', '2024'], 'y': [5, 8, 5, 6]}, {'name': 'Developed Economies', 'x': ['2010-2019 Average', '2022', '2023', '2024'], 'y': [2, 5, 4, 5]}, {'name': 'Economies in transition', 'x': ['2010-2019 Average', '2022', '2023', '2024'], 'y': [8, 14, 8, 10]}, {'name': 'Africa', 'x': ['2010-2019 Average', '2022', '2023', '2024'], 'y': [11, 17, 14, 18]}, {'name': 'East Asia', 'x': ['2010-2019 Average', '2022', '2023', '2024'], 'y': [2, 4, 3, 4]}, {'name': 'South Asia', 'x': ['2010-2019 Average', '2022', '2023', '2024'], 'y': [11, 14, 10, 13]}, {'name': 'Western Asia and the Caribbean', 'x': ['2010-2019 Average', '2022', '2023', '2024'], 'y': [25, 21, 18, 15]}, {'name': 'Latin America and the Caribbean', 'x': ['2010-2019 Average', '2022', '2023', '2024'], 'y': [9, 12, 9, 11]}]}"
unlabelled.png,"{'metadata': {'title': 'Percentage of GDP', 'xaxis': {'title': 'Year'}, 'yaxis': {'title': 'Percentage'}}, 'data': [{'name': 'Republic of Korea', 'x': [2015, 2020], 'y': [4.0, 4.9]}, {'name': 'Sweden', 'x': [2015, 2020], 'y': [3.0, 3.3]}, {'name': 'United States', 'x': [2015, 2020], 'y': [2.5, 3.1]}, {'name': 'Germany', 'x': [2015, 2020], 'y': [2.7, 2.9]}, {'name': 'France', 'x': [2015, 2020], 'y': [2.1, 2.3]}, {'name': 'Norway', 'x': [2015, 2020], 'y': [1.8, 2.1]}, {'name': 'United Kingdom', 'x': [2015, 2020], 'y': [1.4, 1.7]}, {'name': 'Poland', 'x': [2015, 2020], 'y': [0.9, 1.3]}]}","{'metadata': {'title': 'Percentage of GDP', 'xaxis': {'title': 'Year'}, 'yaxis': {'title': 'Percentage'}}, 'data': [{'name': 'Republic of Korea', 'x': [2015, 2020], 'y': [4.0, 4.9]}, {'name': 'Sweden', 'x': [2015, 2020], 'y': [3.0, 3.3]}, {'name': 'United States', 'x': [2015, 2020], 'y': [2.5, 3.1]}, {'name': 'Germany', 'x': [2015, 2020], 'y': [2.7, 2.9]}, {'name': 'France', 'x': [2015, 2020], 'y': [2.1, 2.3]}, {'name': 'Norway', 'x': [2015, 2020], 'y': [1.8, 2.1]}, {'name': 'United Kingdom', 'x': [2015, 2020], 'y': [1.4, 1.7]}, {'name': 'Poland', 'x': [2015, 2020], 'y': [0.9, 1.3]}]}"
with_label.jpg,"{'metadata': {'title': 'Inflation Rate Trend', 'xaxis': {'title': 'Month'}, 'yaxis': {'title': 'Inflation Rate (%)'}}, 'data': [{'name': 'Inflation Rate', 'x': ['Oct-21', 'Nov-21', 'Dec-21', 'Jan-22', 'Feb-22', 'Mar-22', 'Apr-22', 'May-22', 'Jun-22', 'Jul-22'], 'y': [0.85, 1.87, 4.05, 5.43, 5.85, 7.6, 8.31, 7.97, 7.75, 6.69]}]}","{'metadata': {'title': 'Inflation Rate Trend', 'xaxis': {'title': 'Month'}, 'yaxis': {'title': 'Inflation Rate (%)'}}, 'data': [{'name': 'Inflation Rate', 'x': ['Oct-21', 'Nov-21', 'Dec-21', 'Jan-22', 'Feb-22', 'Mar-22', 'Apr-22', 'May-22', 'Jun-22', 'Jul-22'], 'y': [0.85, 1.87, 4.05, 5.43, 5.85, 7.6, 8.31, 7.97, 7.75, 6.69]}]}"
without_label.jpg,"{'metadata': {'title': 'Inflation Rate by Month', 'xaxis': {'title': 'Month'}, 'yaxis': {'title': 'Inflation Rate'}}, 'data': [{'name': 'Inflation Rate', 'x': ['Oct-21', 'Nov-21', 'Dec-21', 'Jan-22', 'Feb-22', 'Mar-22', 'Apr-22', 'May-22', 'Jun-22', 'Jul-22'], 'y': [1, 2, 4, 5, 6, 7.5, 8, 8, 7.5, 6.5]}]}","{'metadata': {'title': 'Inflation Rate by Month', 'xaxis': {'title': 'Month'}, 'yaxis': {'title': 'Inflation Rate'}}, 'data': [{'name': 'Inflation Rate', 'x': ['Oct-21', 'Nov-21', 'Dec-21', 'Jan-22', 'Feb-22', 'Mar-22', 'Apr-22', 'May-22', 'Jun-22', 'Jul-22'], 'y': [1, 2, 4, 5, 6, 7.5, 8, 8, 7.5, 6.5]}]}"
without_label.jpg,"{'metadata': {'title': 'Inflation Rate', 'xaxis': {'title': 'Month'}, 'yaxis': {'title': 'Inflation Rate'}}, 'data': [{'name': 'Inflation Rate', 'x': ['Oct-21', 'Nov-21', 'Dec-21', 'Jan-22', 'Feb-22', 'Mar-22', 'Apr-22', 'May-22', 'Jun-22', 'Jul-22'], 'y': [1, 2, 4, 5, 6, 7.5, 8, 8, 7.5, 6.5]}]}","{'metadata': {'title': 'Inflation Rate', 'xaxis': {'title': 'Month'}, 'yaxis': {'title': 'Inflation Rate'}}, 'data': [{'name': 'Inflation Rate', 'x': ['Oct-21', 'Nov-21', 'Dec-21', 'Jan-22', 'Feb-22', 'Mar-22', 'Apr-22', 'May-22', 'Jun-22', 'Jul-22'], 'y': [1, 2, 4, 5, 6, 7.5, 8, 8, 7.5, 6.5]}]}"
with_label.jpg,"{'metadata': {'title': 'Monthly Inflation Rate', 'xaxis': {'title': 'Month'}, 'yaxis': {'title': 'Inflation Rate'}}, 'data': [{'name': 'Inflation Rate', 'x': ['Oct-21', 'Nov-21', 'Dec-21', 'Jan-22', 'Feb-22', 'Mar-22', 'Apr-22', 'May-22', 'Jun-22', 'Jul-22'], 'y': [0.85, 1.87, 4.05, 5.43, 5.85, 7.6, 8.31, 7.97, 7.75, 6.69]}]}","{'metadata': {'title': 'Monthly Inflation Rate', 'xaxis': {'title': 'Month'}, 'yaxis': {'title': 'Inflation Rate'}}, 'data': [{'name': 'Inflation Rate', 'x': ['Oct-21', 'Nov-21', 'Dec-21', 'Jan-22', 'Feb-22', 'Mar-22', 'Apr-22', 'May-22', 'Jun-22', 'Jul-22'], 'y': [0.85, 1.87, 4.05, 5.43, 5.85, 7.6, 8.31, 7.97, 7.75, 6.69]}]}"
with_label.jpg,"{'metadata': {'title': 'Inflation Rate', 'xaxis': {'title': 'Months'}, 'yaxis': {'title': 'Inflation Rate'}}, 'data': [{'name': 'Inflation Rate', 'x': ['Oct-21', 'Nov-21', 'Dec-21', 'Jan-22', 'Feb-22', 'Mar-22', 'Apr-22', 'May-22', 'Jun-22', 'Jul-22'], 'y': [0.85, 1.87, 4.05, 5.43, 5.85, 7.6, 8.31, 7.97, 7.75, 6.69]}]}","{'metadata': {'title': 'Inflation Rate', 'xaxis': {'title': 'Months'}, 'yaxis': {'title': 'Inflation Rate'}}, 'data': [{'name': 'Inflation Rate', 'x': ['Oct-21', 'Nov-21', 'Dec-21', 'Jan-22', 'Feb-22', 'Mar-22', 'Apr-22', 'May-22', 'Jun-22', 'Jul-22'], 'y': [0.85, 1.87, 4.05, 5.43, 5.85, 7.6, 8.31, 7.97, 7.75, 6.69]}]}"
with_label.jpg,"{'metadata': {'title': 'Monthly Inflation Rate', 'xaxis': {'title': 'Month'}, 'yaxis': {'title': 'Inflation Rate'}}, 'data': [{'name': 'Inflation Rate', 'x': ['Oct-21', 'Nov-21', 'Dec-21', 'Jan-22', 'Feb-22', 'Mar-22', 'Apr-22', 'May-22', 'Jun-22', 'Jul-22'], 'y': [0.85, 1.87, 4.05, 5.43, 5.85, 7.6, 8.31, 7.97, 7.75, 6.69]}]}","{'metadata': {'title': 'Monthly Inflation Rate', 'xaxis': {'title': 'Month'}, 'yaxis': {'title': 'Inflation Rate'}}, 'data': [{'name': 'Inflation Rate', 'x': ['Oct-21', 'Nov-21', 'Dec-21', 'Jan-22', 'Feb-22', 'Mar-22', 'Apr-22', 'May-22', 'Jun-22', 'Jul-22'], 'y': [0.85, 1.87, 4.05, 5.43, 5.85, 7.6, 8.31, 7.97, 7.75, 6.69]}]}"
with_label.jpg,"{'metadata': {'title': 'Monthly Inflation Rates', 'xaxis': {'title': 'Month'}, 'yaxis': {'title': 'Inflation Rate (%)'}}, 'data': [{'name': 'Inflation Rate', 'x': ['Oct-21', 'Nov-21', 'Dec-21', 'Jan-22', 'Feb-22', 'Mar-22', 'Apr-22', 'May-22', 'Jun-22', 'Jul-22'], 'y': [0.85, 1.87, 4.05, 5.43, 5.85, 7.6, 8.31, 7.97, 7.75, 6.69]}]}","{'metadata': {'title': 'Monthly Inflation Rates', 'xaxis': {'title': 'Month'}, 'yaxis': {'title': 'Inflation Rate (%)'}}, 'data': [{'name': 'Inflation Rate', 'x': ['Oct-21', 'Nov-21', 'Dec-21', 'Jan-22', 'Feb-22', 'Mar-22', 'Apr-22', 'May-22', 'Jun-22', 'Jul-22'], 'y': [0.85, 1.87, 4.05, 5.43, 5.85, 7.6, 8.31, 7.97, 7.75, 6.69]}]}"
with_label.jpg,"{'metadata': {'title': 'Monthly Inflation Rate', 'xaxis': {'title': 'Month'}, 'yaxis': {'title': 'Inflation Rate (%)'}}, 'data': [{'name': 'Inflation Rate', 'x': ['Oct-21', 'Nov-21', 'Dec-21', 'Jan-22', 'Feb-22', 'Mar-22', 'Apr-22', 'May-22', 'Jun-22', 'Jul-22'], 'y': [0.85, 1.87, 4.05, 5.43, 5.85, 7.6, 8.31, 7.97, 7.75, 6.69]}]}","{'metadata': {'title': 'Monthly Inflation Rate', 'xaxis': {'title': 'Month'}, 'yaxis': {'title': 'Inflation Rate (%)'}}, 'data': [{'name': 'Inflation Rate', 'x': ['Oct-21', 'Nov-21', 'Dec-21', 'Jan-22', 'Feb-22', 'Mar-22', 'Apr-22', 'May-22', 'Jun-22', 'Jul-22'], 'y': [0.85, 1.87, 4.05, 5.43, 5.85, 7.6, 8.31, 7.97, 7.75, 6.69]}]}"
with_label.jpg,"{'metadata': {'title': 'Inflation Rate', 'xaxis': {'title': 'Month'}, 'yaxis': {'title': 'Inflation Rate'}}, 'data': [{'name': 'Inflation Rate', 'x': ['Oct-21', 'Nov-21', 'Dec-21', 'Jan-22', 'Feb-22', 'Mar-22', 'Apr-22', 'May-22', 'Jun-22', 'Jul-22'], 'y': [0.85, 1.87, 4.05, 5.43, 5.85, 7.6, 8.31, 7.97, 7.75, 6.69]}]}","{'metadata': {'title': 'Inflation Rate', 'xaxis': {'title': 'Month'}, 'yaxis': {'title': 'Inflation Rate'}}, 'data': [{'name': 'Inflation Rate', 'x': ['Oct-21', 'Nov-21', 'Dec-21', 'Jan-22', 'Feb-22', 'Mar-22', 'Apr-22', 'May-22', 'Jun-22', 'Jul-22'], 'y': [0.85, 1.87, 4.05, 5.43, 5.85, 7.6, 8.31, 7.97, 7.75, 6.69]}]}"
with_label.jpg,"{'metadata': {'title': 'Inflation Rates', 'xaxis': {'title': 'Month'}, 'yaxis': {'title': 'Inflation Rate'}}, 'data': [{'name': 'Inflation Rate', 'x': ['Oct-21', 'Nov-21', 'Dec-21', 'Jan-22', 'Feb-22', 'Mar-22', 'Apr-22', 'May-22', 'Jun-22', 'Jul-22'], 'y': [0.85, 1.87, 4.05, 5.43, 5.85, 7.6, 8.31, 7.97, 7.75, 6.69]}]}","{'metadata': {'title': 'Inflation Rates', 'xaxis': {'title': 'Month'}, 'yaxis': {'title': 'Inflation Rate'}}, 'data': [{'name': 'Inflation Rate', 'x': ['Oct-21', 'Nov-21', 'Dec-21', 'Jan-22', 'Feb-22', 'Mar-22', 'Apr-22', 'May-22', 'Jun-22', 'Jul-22'], 'y': [0.85, 1.87, 4.05, 5.43, 5.85, 7.6, 8.31, 7.97, 7.75, 6.69]}]}"
with_label.jpg,"{'metadata': {'title': 'Inflation Rate', 'xaxis': {'title': 'Month'}, 'yaxis': {'title': 'Inflation Rate'}}, 'data': [{'name': 'Inflation Rate', 'x': ['Oct-21', 'Nov-21', 'Dec-21', 'Jan-22', 'Feb-22', 'Mar-22', 'Apr-22', 'May-22', 'Jun-22', 'Jul-22'], 'y': [0.85, 1.87, 4.05, 5.43, 5.85, 7.6, 8.31, 7.97, 7.75, 6.69]}]}","{'metadata': {'title': 'Inflation Rate', 'xaxis': {'title': 'Month'}, 'yaxis': {'title': 'Inflation Rate'}}, 'data': [{'name': 'Inflation Rate', 'x': ['Oct-21', 'Nov-21', 'Dec-21', 'Jan-22', 'Feb-22', 'Mar-22', 'Apr-22', 'May-22', 'Jun-22', 'Jul-22'], 'y': [0.85, 1.87, 4.05, 5.43, 5.85, 7.6, 8.31, 7.97, 7.75, 6.69]}]}"
with_label.jpg,"{'metadata': {'title': 'Inflation Rate', 'xaxis': {'title': 'Month'}, 'yaxis': {'title': 'Inflation Rate (%)'}, 'legend': {'title': 'Year'}}, 'data': [{'name': '2021', 'x': ['Oct-21', 'Nov-21', 'Dec-21'], 'y': ['0.85', '1.87', '4.05']}, {'name': '2022', 'x': ['Jan-22', 'Feb-22', 'Mar-22', 'Apr-22', 'May-22', 'Jun-22', 'Jul-22'], 'y': ['5.43', '5.85', '7.60', '8.31', '7.97', '7.75', '6.69']}]}","{'metadata': {'title': 'Inflation Rate', 'xaxis': {'title': 'Month'}, 'yaxis': {'title': 'Inflation Rate (%)'}, 'legend': {'title': 'Year'}}, 'data': [{'name': '2021', 'x': ['Oct-21', 'Nov-21', 'Dec-21'], 'y': ['0.85', '1.87', '4.05']}, {'name': '2022', 'x': ['Jan-22', 'Feb-22', 'Mar-22', 'Apr-22', 'May-22', 'Jun-22', 'Jul-22'], 'y': ['5.43', '5.85', '7.60', '8.31', '7.97', '7.75', '6.69']}]}"
with_label.jpg,"{'metadata': {'title': 'Monthly Inflation Rate', 'xaxis': {'title': 'Month'}, 'yaxis': {'title': 'Inflation Rate (%)'}}, 'data': [{'name': 'Inflation Rate', 'x': ['Oct-21', 'Nov-21', 'Dec-21', 'Jan-22', 'Feb-22', 'Mar-22', 'Apr-22', 'May-22', 'Jun-22', 'Jul-22'], 'y': [0.85, 1.87, 4.05, 5.43, 5.85, 7.6, 8.31, 7.97, 7.75, 6.69]}]}","{'metadata': {'title': 'Monthly Inflation Rate', 'xaxis': {'title': 'Month'}, 'yaxis': {'title': 'Inflation Rate (%)'}}, 'data': [{'name': 'Inflation Rate', 'x': ['Oct-21', 'Nov-21', 'Dec-21', 'Jan-22', 'Feb-22', 'Mar-22', 'Apr-22', 'May-22', 'Jun-22', 'Jul-22'], 'y': [0.85, 1.87, 4.05, 5.43, 5.85, 7.6, 8.31, 7.97, 7.75, 6.69]}]}"
with_label.jpg,"{'metadata': {'title': 'Inflation Rate', 'xaxis': {'title': 'Month'}, 'yaxis': {'title': 'Rate'}}, 'data': [{'name': None, 'x': ['Oct-21', 'Nov-21', 'Dec-21', 'Jan-22', 'Feb-22', 'Mar-22', 'Apr-22', 'May-22', 'Jun-22', 'Jul-22'], 'y': [0.85, 1.87, 4.05, 5.43, 5.85, 7.6, 8.31, 7.97, 7.75, 6.69]}]}","{'metadata': {'title': 'Inflation Rate', 'xaxis': {'title': 'Month'}, 'yaxis': {'title': 'Rate'}}, 'data': [{'name': None, 'x': ['Oct-21', 'Nov-21', 'Dec-21', 'Jan-22', 'Feb-22', 'Mar-22', 'Apr-22', 'May-22', 'Jun-22', 'Jul-22'], 'y': [0.85, 1.87, 4.05, 5.43, 5.85, 7.6, 8.31, 7.97, 7.75, 6.69]}]}"
1.3_image3.jpg,"{'metadata': {'title': 'Number of countries by income group and region', 'xaxis': {'title': 'Year'}, 'yaxis': {'title': 'Number of countries'}, 'legend': ['World', 'Sub-Saharan Africa', 'Least Developed Countries', 'Low and middle income countries']}, 'data': [{'name': 'World', 'x': [2000, 2001, 2002, 2003, 2004, 2005, 2006, 2007, 2008], 'y': [12, 15, 18, 22, 26, 31, 39, 49, 58]}, {'name': 'Sub-Saharan Africa', 'x': [2000, 2001, 2002, 2003, 2004, 2005, 2006, 2007, 2008], 'y': [2, 4, 7, 11, 16, 22, 29, 40, 50]}, {'name': 'Least Developed Countries', 'x': [2000, 2001, 2002, 2003, 2004, 2005, 2006, 2007, 2008], 'y': [0, 1, 2, 3, 5, 8, 13, 21, 31]}, {'name': 'Low and middle income countries', 'x': [2000, 2001, 2002, 2003, 2004, 2005, 2006, 2007, 2008], 'y': [0, 1, 2, 4, 7, 11, 18, 29, 45]}]}","{'metadata': {'title': 'Number of countries by income group and region', 'xaxis': {'title': 'Year'}, 'yaxis': {'title': 'Number of countries'}, 'legend': ['World', 'Sub-Saharan Africa', 'Least Developed Countries', 'Low and middle income countries']}, 'data': [{'name': 'World', 'x': [2000, 2001, 2002, 2003, 2004, 2005, 2006, 2007, 2008], 'y': [12, 15, 18, 22, 26, 31, 39, 49, 58]}, {'name': 'Sub-Saharan Africa', 'x': [2000, 2001, 2002, 2003, 2004, 2005, 2006, 2007, 2008], 'y': [2, 4, 7, 11, 16, 22, 29, 40, 50]}, {'name': 'Least Developed Countries', 'x': [2000, 2001, 2002, 2003, 2004, 2005, 2006, 2007, 2008], 'y': [0, 1, 2, 3, 5, 8, 13, 21, 31]}, {'name': 'Low and middle income countries', 'x': [2000, 2001, 2002, 2003, 2004, 2005, 2006, 2007, 2008], 'y': [0, 1, 2, 4, 7, 11, 18, 29, 45]}]}"
1.2_image4.jpg,"{'metadata': {'title': 'Life Satisfaction in Mexico', 'xaxis': {'title': 'Quarter'}, 'yaxis': {'title': 'Life Satisfaction'}, 'legends': [{'name': 'Free long distance calls'}, {'name': 'Gasolinazo (fuel prices)'}]}, 'data': [{'name': 'Free long distance calls', 'x': ['2013 Q3', '2014 Q1', '2014 Q3', '2015 Q1', '2015 Q3', '2016 Q1', '2016 Q3', '2017 Q1', '2017 Q3', '2018 Q1', '2018 Q3'], 'y': [7.67, 7.93, 7.98, 8.12, 8.03, 8.03, 8.05, 8.09, 8.22, 8.22, 8.33]}, {'name': 'Gasolinazo (fuel prices)', 'x': ['2017 Q1'], 'y': [8]}]}","{'metadata': {'title': 'Life Satisfaction in Mexico', 'xaxis': {'title': 'Quarter'}, 'yaxis': {'title': 'Life Satisfaction'}, 'legends': [{'name': 'Free long distance calls'}, {'name': 'Gasolinazo (fuel prices)'}]}, 'data': [{'name': 'Free long distance calls', 'x': ['2013 Q3', '2014 Q1', '2014 Q3', '2015 Q1', '2015 Q3', '2016 Q1', '2016 Q3', '2017 Q1', '2017 Q3', '2018 Q1', '2018 Q3'], 'y': [7.67, 7.93, 7.98, 8.12, 8.03, 8.03, 8.05, 8.09, 8.22, 8.22, 8.33]}, {'name': 'Gasolinazo (fuel prices)', 'x': ['2017 Q1'], 'y': [8]}]}"
1.2_image3.jpg,"{""metadata"": {""title"": ""Table 3.6.1 Institutional integration efforts in environment"", ""xaxis"": {""title"": ""Axis""}, ""yaxis"": {""title"": ""Percentage of countries""}}, ""data"": [{""name"": ""Separate environment website"", ""x"": [""Europe"", ""Americas"", ""Asia"", ""World"", ""Oceania"", ""Africa""], ""y"": [90, 60, 80, 70, 50, 60]}, {""name"": ""National portal with environment section"", ""x"": [""Europe"", ""Americas"", ""Asia"", ""World"", ""Oceania"", ""Africa""], ""y"": [60, 40, 50, 50, 10, 30]}, {""name"": ""Links to regional/local authorities"", ""x"": [""Europe"", ""Americas"", ""Asia"", ""World"", ""Oceania"", ""Africa""], ""y"": [70, 40, 40, 40, 5, 10]}, {""name"": ""Information on international cooperation"", ""x"": [""Europe"", ""Americas"", ""Asia"", ""World"", ""Oceania"", ""Africa""], ""y"": [90, 60, 70, 80, 20, 40]}]}","{""metadata"": {""title"": ""Table 3.6.1 Institutional integration efforts in environment"", ""xaxis"": {""title"": ""Axis""}, ""yaxis"": {""title"": ""Percentage of countries""}}, ""data"": [{""name"": ""Separate environment website"", ""x"": [""Europe"", ""Americas"", ""Asia"", ""World"", ""Oceania"", ""Africa""], ""y"": [90, 60, 80, 70, 50, 60]}, {""name"": ""National portal with environment section"", ""x"": [""Europe"", ""Americas"", ""Asia"", ""World"", ""Oceania"", ""Africa""], ""y"": [60, 40, 50, 50, 10, 30]}, {""name"": ""Links to regional/local authorities"", ""x"": [""Europe"", ""Americas"", ""Asia"", ""World"", ""Oceania"", ""Africa""], ""y"": [70, 40, 40, 40, 5, 10]}, {""name"": ""Information on international cooperation"", ""x"": [""Europe"", ""Americas"", ""Asia"", ""World"", ""Oceania"", ""Africa""], ""y"": [90, 60, 70, 80, 20, 40]}]}",shflskdgjdfgdkf;ghk;dfjghsdfkgh;kdsg
1.2_image3.jpg,"{""metadata"": {""title"": ""Institutional integration efforts in environment"", ""xaxis"": {""title"": ""Axis""}, ""yaxis"": {""title"": ""Percentage""}}, ""data"": [{""name"": ""Europe"", ""y"": [90, 60, 70, 90], ""x"": [""Separate environment website"", ""National portal with environment section"", ""Links to regional/local authorities"", ""Information on international cooperation""]}, {""name"": ""Americas"", ""y"": [60, 40, 40, 60], ""x"": [""Separate environment website"", ""National portal with environment section"", ""Links to regional/local authorities"", ""Information on international cooperation""]}, {""name"": ""Asia"", ""y"": [80, 50, 40, 70], ""x"": [""Separate environment website"", ""National portal with environment section"", ""Links to regional/local authorities"", ""Information on international cooperation""]}, {""name"": ""World"", ""y"": [70, 50, 40, 80], ""x"": [""Separate environment website"", ""National portal with environment section"", ""Links to regional/local authorities"", ""Information on international cooperation""]}, {""name"": ""Oceania"", ""y"": [50, 10, 5, 20], ""x"": [""Separate environment website"", ""National portal with environment section"", ""Links to regional/local authorities"", ""Information on international cooperation""]}, {""name"": ""Africa"", ""y"": [60, 30, 10, 40], ""x"": [""Separate environment website"", ""National portal with environment section"", ""Links to regional/local authorities"", ""Information on international cooperation""]}]}","{""metadata"": {""title"": ""Institutional integration efforts in environment"", ""xaxis"": {""title"": ""Axis""}, ""yaxis"": {""title"": ""Percentage""}}, ""data"": [{""name"": ""Europe"", ""y"": [90, 60, 70, 90], ""x"": [""Separate environment website"", ""National portal with environment section"", ""Links to regional/local authorities"", ""Information on international cooperation""]}, {""name"": ""Americas"", ""y"": [60, 40, 40, 60], ""x"": [""Separate environment website"", ""National portal with environment section"", ""Links to regional/local authorities"", ""Information on international cooperation""]}, {""name"": ""Asia"", ""y"": [80, 50, 40, 70], ""x"": [""Separate environment website"", ""National portal with environment section"", ""Links to regional/local authorities"", ""Information on international cooperation""]}, {""name"": ""World"", ""y"": [70, 50, 40, 80], ""x"": [""Separate environment website"", ""National portal with environment section"", ""Links to regional/local authorities"", ""Information on international cooperation""]}, {""name"": ""Oceania"", ""y"": [50, 10, 5, 20], ""x"": [""Separate environment website"", ""National portal with environment section"", ""Links to regional/local authorities"", ""Information on international cooperation""]}, {""name"": ""Africa"", ""y"": [60, 30, 10, 40], ""x"": [""Separate environment website"", ""National portal with environment section"", ""Links to regional/local authorities"", ""Information on international cooperation""]}]}",shflskdgjdfgdkf;ghk;dfjghsdfkgh;kdsg
1.2_image3.jpg,"{'metadata': {'title': 'Institutional integration efforts in environment', 'xaxis': {'title': 'Axis'}, 'yaxis': {'title': 'Percentage'}}, 'data': [{'name': 'Separate environment website', 'x': ['Europe', 'Americas', 'Asia', 'World', 'Oceania', 'Africa'], 'y': [90, 60, 80, 70, 50, 60]}, {'name': 'National portal with environment section', 'x': ['Europe', 'Americas', 'Asia', 'World', 'Oceania', 'Africa'], 'y': [60, 40, 50, 50, 10, 30]}, {'name': 'Links to regional/local authorities', 'x': ['Europe', 'Americas', 'Asia', 'World', 'Oceania', 'Africa'], 'y': [70, 40, 40, 40, 5, 10]}, {'name': 'Information on international cooperation', 'x': ['Europe', 'Americas', 'Asia', 'World', 'Oceania', 'Africa'], 'y': [90, 60, 70, 80, 20, 40]}]}","{'metadata': {'title': 'Institutional integration efforts in environment', 'xaxis': {'title': 'Axis'}, 'yaxis': {'title': 'Percentage'}}, 'data': [{'name': 'Separate environment website', 'x': ['Europe', 'Americas', 'Asia', 'World', 'Oceania', 'Africa'], 'y': [90, 60, 80, 70, 50, 60]}, {'name': 'National portal with environment section', 'x': ['Europe', 'Americas', 'Asia', 'World', 'Oceania', 'Africa'], 'y': [60, 40, 50, 50, 10, 30]}, {'name': 'Links to regional/local authorities', 'x': ['Europe', 'Americas', 'Asia', 'World', 'Oceania', 'Africa'], 'y': [70, 40, 40, 40, 5, 10]}, {'name': 'Information on international cooperation', 'x': ['Europe', 'Americas', 'Asia', 'World', 'Oceania', 'Africa'], 'y': [90, 60, 70, 80, 20, 40]}]}"
1.2_image4.jpg,"{'metadata': {'title': 'Life Satisfaction in Mexico', 'xaxis': {'title': 'Quarter'}, 'yaxis': {'title': 'Life Satisfaction'}}, 'data': [{'name': 'Free long distance calls', 'x': ['2013 Q3', '2014 Q1', '2014 Q3', '2015 Q1', '2015 Q3', '2016 Q1', '2016 Q3', '2017 Q1', '2017 Q3', '2018 Q1', '2018 Q3'], 'y': [7.67, 7.93, 7.98, 8.12, 8.03, 8.03, 8.05, 8.09, 8.22, 8.22, 8.33]}, {'name': 'Gasolinazo (fuel prices)', 'x': ['2013 Q3', '2014 Q1', '2014 Q3', '2015 Q1', '2015 Q3', '2016 Q1', '2016 Q3', '2017 Q3', '2018 Q3'], 'y': [8.03, 7.98, 8.05, 8.22, 8.33]}]}","{'metadata': {'title': 'Life Satisfaction in Mexico', 'xaxis': {'title': 'Quarter'}, 'yaxis': {'title': 'Life Satisfaction'}}, 'data': [{'name': 'Free long distance calls', 'x': ['2013 Q3', '2014 Q1', '2014 Q3', '2015 Q1', '2015 Q3', '2016 Q1', '2016 Q3', '2017 Q1', '2017 Q3', '2018 Q1', '2018 Q3'], 'y': [7.67, 7.93, 7.98, 8.12, 8.03, 8.03, 8.05, 8.09, 8.22, 8.22, 8.33]}, {'name': 'Gasolinazo (fuel prices)', 'x': ['2013 Q3', '2014 Q1', '2014 Q3', '2015 Q1', '2015 Q3', '2016 Q1', '2016 Q3', '2017 Q3', '2018 Q3'], 'y': [8.03, 7.98, 8.05, 8.22, 8.33]}]}"
1.2_image4.jpg,"{'metadata': {'title': 'Life Satisfaction in Mexico', 'xaxis': {'title': 'Quarter'}, 'yaxis': {'title': 'Free long distance calls'}}, 'data': [{'name': 'Free long distance calls', 'x': ['2013 Q3', '2014 Q1', '2014 Q3', '2015 Q1', '2015 Q3', '2016 Q1', '2016 Q3', '2017 Q1', '2017 Q3', '2018 Q1', '2018 Q3'], 'y': [7.67, 7.93, 7.98, 8.12, 8.03, 8.03, 8.05, 8.09, 8.22, 8.22, 8.33]}, {'name': 'Gasolinazo', 'x': ['2017 Q1'], 'y': [8]}]}","{'metadata': {'title': 'Life Satisfaction in Mexico', 'xaxis': {'title': 'Quarter'}, 'yaxis': {'title': 'Free long distance calls'}}, 'data': [{'name': 'Free long distance calls', 'x': ['2013 Q3', '2014 Q1', '2014 Q3', '2015 Q1', '2015 Q3', '2016 Q1', '2016 Q3', '2017 Q1', '2017 Q3', '2018 Q1', '2018 Q3'], 'y': [7.67, 7.93, 7.98, 8.12, 8.03, 8.03, 8.05, 8.09, 8.22, 8.22, 8.33]}, {'name': 'Gasolinazo', 'x': ['2017 Q1'], 'y': [8]}]}"
with_label.jpg,"{'metadata': {'title': 'Monthly Inflation Rate', 'xaxis': {'title': 'Month'}, 'yaxis': {'title': 'Inflation Rate'}}, 'data': [{'name': 'Inflation Rate', 'x': ['Oct-21', 'Nov-21', 'Dec-21', 'Jan-22', 'Feb-22', 'Mar-22', 'Apr-22', 'May-22', 'Jun-22', 'Jul-22'], 'y': [0.85, 1.87, 4.05, 5.43, 5.85, 7.6, 8.31, 7.97, 7.75, 6.69]}]}","{'metadata': {'title': 'Monthly Inflation Rate', 'xaxis': {'title': 'Month'}, 'yaxis': {'title': 'Inflation Rate'}}, 'data': [{'name': 'Inflation Rate', 'x': ['Oct-21', 'Nov-21', 'Dec-21', 'Jan-22', 'Feb-22', 'Mar-22', 'Apr-22', 'May-22', 'Jun-22', 'Jul-22'], 'y': [0.85, 1.87, 4.05, 5.43, 5.85, 7.6, 8.31, 7.97, 7.75, 6.69]}]}"
without_label.jpg,"{'metadata': {'title': 'Inflation Rate', 'xaxis': {'title': 'Month'}, 'yaxis': {'title': 'Rate'}}, 'data': [{'name': 'Inflation Rate', 'x': ['Oct-21', 'Nov-21', 'Dec-21', 'Jan-22', 'Feb-22', 'Mar-22', 'Apr-22', 'May-22', 'Jun-22', 'Jul-22'], 'y': [1, 2, 4, 5, 6, 7.5, 8, 8, 7.5, 6.5]}]}","{'metadata': {'title': 'Inflation Rate', 'xaxis': {'title': 'Month'}, 'yaxis': {'title': 'Rate'}}, 'data': [{'name': 'Inflation Rate', 'x': ['Oct-21', 'Nov-21', 'Dec-21', 'Jan-22', 'Feb-22', 'Mar-22', 'Apr-22', 'May-22', 'Jun-22', 'Jul-22'], 'y': [1, 2, 4, 5, 6, 7.5, 8, 8, 7.5, 6.5]}]}"
without_label.jpg,"{'metadata': {'title': 'Monthly Inflation Rate', 'xaxis': {'title': 'Month'}, 'yaxis': {'title': 'Inflation Rate'}}, 'data': [{'name': 'Inflation Rate', 'x': ['Oct-21', 'Nov-21', 'Dec-21', 'Jan-22', 'Feb-22', 'Mar-22', 'Apr-22', 'May-22', 'Jun-22', 'Jul-22'], 'y': [1, 2, 4, 5, 6, 7.5, 8, 8, 7.5, 6.5]}]}","{'metadata': {'title': 'Monthly Inflation Rate', 'xaxis': {'title': 'Month'}, 'yaxis': {'title': 'Inflation Rate'}}, 'data': [{'name': 'Inflation Rate', 'x': ['Oct-21', 'Nov-21', 'Dec-21', 'Jan-22', 'Feb-22', 'Mar-22', 'Apr-22', 'May-22', 'Jun-22', 'Jul-22'], 'y': [1, 2, 4, 5, 6, 7.5, 8, 8, 7.5, 6.5]}]}"
with_label.jpg,"{'metadata': {'title': 'Inflation Rate', 'xaxis': {'title': 'Month'}, 'yaxis': {'title': 'Inflation Rate'}}, 'data': [{'name': 'Inflation Rate', 'x': ['Oct-21', 'Nov-21', 'Dec-21', 'Jan-22', 'Feb-22', 'Mar-22', 'Apr-22', 'May-22', 'Jun-22', 'Jul-22'], 'y': [0.85, 1.87, 4.05, 5.43, 5.85, 7.6, 8.31, 7.97, 7.75, 6.69]}]}","{'metadata': {'title': 'Inflation Rate', 'xaxis': {'title': 'Month'}, 'yaxis': {'title': 'Inflation Rate'}}, 'data': [{'name': 'Inflation Rate', 'x': ['Oct-21', 'Nov-21', 'Dec-21', 'Jan-22', 'Feb-22', 'Mar-22', 'Apr-22', 'May-22', 'Jun-22', 'Jul-22'], 'y': [0.85, 1.87, 4.05, 5.43, 5.85, 7.6, 8.31, 7.97, 7.75, 6.69]}]}"
with_label.jpg,"{'metadata': {'title': 'Inflation Rate Over Time', 'xaxis': {'title': 'Month'}, 'yaxis': {'title': 'Inflation Rate'}}, 'data': [{'name': 'Inflation Rate', 'x': ['Oct-21', 'Nov-21', 'Dec-21', 'Jan-22', 'Feb-22', 'Mar-22', 'Apr-22', 'May-22', 'Jun-22', 'Jul-22'], 'y': [0.85, 1.87, 4.05, 5.43, 5.85, 7.6, 8.31, 7.97, 7.75, 6.69]}]}","{'metadata': {'title': 'Inflation Rate Over Time', 'xaxis': {'title': 'Month'}, 'yaxis': {'title': 'Inflation Rate'}}, 'data': [{'name': 'Inflation Rate', 'x': ['Oct-21', 'Nov-21', 'Dec-21', 'Jan-22', 'Feb-22', 'Mar-22', 'Apr-22', 'May-22', 'Jun-22', 'Jul-22'], 'y': [0.85, 1.87, 4.05, 5.43, 5.85, 7.6, 8.31, 7.97, 7.75, 6.69]}]}"
with_label.jpg,"{'metadata': {'title': 'Inflation Rate', 'xaxis': {'title': 'Month'}, 'yaxis': {'title': 'Inflation Rate'}}, 'data': [{'name': 'Inflation Rate', 'x': ['Oct-21', 'Nov-21', 'Dec-21', 'Jan-22', 'Feb-22', 'Mar-22', 'Apr-22', 'May-22', 'Jun-22', 'Jul-22'], 'y': [0.85, 1.87, 4.05, 5.43, 5.85, 7.6, 8.31, 7.97, 7.75, 6.69]}]}","{'metadata': {'title': 'Inflation Rate', 'xaxis': {'title': 'Month'}, 'yaxis': {'title': 'Inflation Rate'}}, 'data': [{'name': 'Inflation Rate', 'x': ['Oct-21', 'Nov-21', 'Dec-21', 'Jan-22', 'Feb-22', 'Mar-22', 'Apr-22', 'May-22', 'Jun-22', 'Jul-22'], 'y': [0.85, 1.87, 4.05, 5.43, 5.85, 7.6, 8.31, 7.97, 7.75, 6.69]}]}"
without_label.jpg,"{'metadata': {'title': 'Monthly Inflation Rate', 'xaxis': {'title': 'Month'}, 'yaxis': {'title': 'Inflation Rate'}}, 'data': [{'name': 'Inflation Rate', 'x': ['Oct-21', 'Nov-21', 'Dec-21', 'Jan-22', 'Feb-22', 'Mar-22', 'Apr-22', 'May-22', 'Jun-22', 'Jul-22'], 'y': [1, 2, 4, 5, 6, 7.5, 8, 8, 7.5, 6.5]}]}","{'metadata': {'title': 'Monthly Inflation Rate', 'xaxis': {'title': 'Month'}, 'yaxis': {'title': 'Inflation Rate'}}, 'data': [{'name': 'Inflation Rate', 'x': ['Oct-21', 'Nov-21', 'Dec-21', 'Jan-22', 'Feb-22', 'Mar-22', 'Apr-22', 'May-22', 'Jun-22', 'Jul-22'], 'y': [1, 2, 4, 5, 6, 7.5, 8, 8, 7.5, 6.5]}]}"
with_label.jpg,"{'metadata': {'title': 'Inflation rate', 'xaxis': {'title': 'Month'}, 'yaxis': {'title': 'Rate'}}, 'data': [{'name': 'Inflation', 'x': ['Oct-21', 'Nov-21', 'Dec-21', 'Jan-22', 'Feb-22', 'Mar-22', 'Apr-22', 'May-22', 'Jun-22', 'Jul-22'], 'y': [0.85, 1.87, 4.05, 5.43, 5.85, 7.6, 8.31, 7.97, 7.75, 6.69]}]}","{'metadata': {'title': 'Inflation rate', 'xaxis': {'title': 'Month'}, 'yaxis': {'title': 'Rate'}}, 'data': [{'name': 'Inflation', 'x': ['Oct-21', 'Nov-21', 'Dec-21', 'Jan-22', 'Feb-22', 'Mar-22', 'Apr-22', 'May-22', 'Jun-22', 'Jul-22'], 'y': [0.85, 1.87, 4.05, 5.43, 5.85, 7.6, 8.31, 7.97, 7.75, 6.69]}]}"
with_label.jpg,"{'metadata': {'title': 'Inflation Rate over Time', 'xaxis': {'title': 'Month'}, 'yaxis': {'title': 'Inflation Rate (%)'}}, 'data': [{'name': 'Inflation Rate', 'x': ['Oct-21', 'Nov-21', 'Dec-21', 'Jan-22', 'Feb-22', 'Mar-22', 'Apr-22', 'May-22', 'Jun-22', 'Jul-22'], 'y': [0.85, 1.87, 4.05, 5.43, 5.85, 7.6, 8.31, 7.97, 7.75, 6.69]}]}","{'metadata': {'title': 'Inflation Rate over Time', 'xaxis': {'title': 'Month'}, 'yaxis': {'title': 'Inflation Rate (%)'}}, 'data': [{'name': 'Inflation Rate', 'x': ['Oct-21', 'Nov-21', 'Dec-21', 'Jan-22', 'Feb-22', 'Mar-22', 'Apr-22', 'May-22', 'Jun-22', 'Jul-22'], 'y': [0.85, 1.87, 4.05, 5.43, 5.85, 7.6, 8.31, 7.97, 7.75, 6.69]}]}"
with_label.jpg,"{'metadata': {'title': 'Inflation Rate over time', 'xaxis': {'title': 'Month'}, 'yaxis': {'title': 'Inflation Rate'}}, 'data': [{'name': 'Inflation Rate', 'x': ['Oct-21', 'Nov-21', 'Dec-21', 'Jan-22', 'Feb-22', 'Mar-22', 'Apr-22', 'May-22', 'Jun-22', 'Jul-22'], 'y': [0.85, 1.87, 4.05, 5.43, 5.85, 7.6, 8.31, 7.97, 7.75, 6.69]}]}","{'metadata': {'title': 'Inflation Rate over time', 'xaxis': {'title': 'Month'}, 'yaxis': {'title': 'Inflation Rate'}}, 'data': [{'name': 'Inflation Rate', 'x': ['Oct-21', 'Nov-21', 'Dec-21', 'Jan-22', 'Feb-22', 'Mar-22', 'Apr-22', 'May-22', 'Jun-22', 'Jul-22'], 'y': [0.85, 1.87, 4.05, 5.43, 5.85, 7.6, 8.31, 7.97, 7.75, 6.69]}]}"
with_label.jpg,"{'metadata': {'title': 'Inflation Rate', 'xaxis': {'title': 'Month'}, 'yaxis': {'title': 'Inflation Rate'}}, 'data': [{'name': 'Inflation Rate', 'x': ['Oct-21', 'Nov-21', 'Dec-21', 'Jan-22', 'Feb-22', 'Mar-22', 'Apr-22', 'May-22', 'Jun-22', 'Jul-22'], 'y': [0.85, 1.87, 4.05, 5.43, 5.85, 7.6, 8.31, 7.97, 7.75, 6.69]}]}","{'metadata': {'title': 'Inflation Rate', 'xaxis': {'title': 'Month'}, 'yaxis': {'title': 'Inflation Rate'}}, 'data': [{'name': 'Inflation Rate', 'x': ['Oct-21', 'Nov-21', 'Dec-21', 'Jan-22', 'Feb-22', 'Mar-22', 'Apr-22', 'May-22', 'Jun-22', 'Jul-22'], 'y': [0.85, 1.87, 4.05, 5.43, 5.85, 7.6, 8.31, 7.97, 7.75, 6.69]}]}"
2024-06-13 15:35:26,with_label.jpg,"{""metadata"": {""title"": ""Inflation Rate by Month"", ""xaxis"": {""title"": ""Month""}, ""yaxis"": {""title"": ""Inflation Rate (%)""}}, ""data"": [{""name"": ""Inflation Rate"", ""x"": [""Oct-21"", ""Nov-21"", ""Dec-21"", ""Jan-22"", ""Feb-22"", ""Mar-22"", ""Apr-22"", ""May-22"", ""Jun-22"", ""Jul-22""], ""y"": [0.85, 1.87, 4.05, 5.43, 5.85, 7.6, 8.31, 7.97, 7.75, 6.69]}]}","{""metadata"": {""title"": ""Inflation Rate by Month"", ""xaxis"": {""title"": ""Month""}, ""yaxis"": {""title"": ""Inflation Rate (%)""}}, ""data"": [{""name"": ""Inflation Rate"", ""x"": [""Oct-21"", ""Nov-21"", ""Dec-21"", ""Jan-22"", ""Feb-22"", ""Mar-22"", ""Apr-22"", ""May-22"", ""Jun-22"", ""Jul-22""], ""y"": [0.85, 1.87, 4.05, 5.43, 5.85, 7.6, 8.31, 7.97, 7.75, 6.69]}]}"
2024-06-13 15:51:05,with_label.jpg,"{""metadata"": {""title"": ""Inflation Rate"", ""xaxis"": {""title"": ""Month""}, ""yaxis"": {""title"": ""Inflation Rate""}}, ""data"": [{""name"": ""Inflation Rate"", ""x"": [""Oct-21"", ""Nov-21"", ""Dec-21"", ""Jan-22"", ""Feb-22"", ""Mar-22"", ""Apr-22"", ""May-22"", ""Jun-22"", ""Jul-22""], ""y"": [0.85, 1.87, 4.05, 5.43, 5.85, 7.6, 8.31, 7.97, 7.75, 6.69]}]}","{""metadata"": {""title"": ""Inflation Rate"", ""xaxis"": {""title"": ""Month""}, ""yaxis"": {""title"": ""Inflation Rate""}}, ""data"": [{""name"": ""Inflation Rate"", ""x"": [""Oct-21"", ""Nov-21"", ""Dec-21"", ""Jan-22"", ""Feb-22"", ""Mar-22"", ""Apr-22"", ""May-22"", ""Jun-22"", ""Jul-22""], ""y"": [0.85, 1.87, 4.05, 5.43, 5.85, 7.6, 8.31, 7.97, 7.75, 6.69]}]}",18.999090433120728,0.0,6.157336950302124,Gemini Vision Pro,ChatGPT 3.5
2024-06-13 16:01:06,with_label.jpg,"{""metadata"": {""title"": ""Inflation Rate by Month"", ""xaxis"": {""title"": ""Month""}, ""yaxis"": {""title"": ""Inflation Rate""}}, ""data"": [{""name"": ""Inflation Rate"", ""x"": [""Oct-21"", ""Nov-21"", ""Dec-21"", ""Jan-22"", ""Feb-22"", ""Mar-22"", ""Apr-22"", ""May-22"", ""Jun-22"", ""Jul-22""], ""y"": [0.85, 1.87, 4.05, 5.43, 5.85, 7.6, 8.31, 7.97, 7.75, 6.69]}]}","{""metadata"": {""title"": ""Inflation Rate by Month"", ""xaxis"": {""title"": ""Month""}, ""yaxis"": {""title"": ""Inflation Rate""}}, ""data"": [{""name"": ""Inflation Rate"", ""x"": [""Oct-21"", ""Nov-21"", ""Dec-21"", ""Jan-22"", ""Feb-22"", ""Mar-22"", ""Apr-22"", ""May-22"", ""Jun-22"", ""Jul-22""], ""y"": [0.85, 1.87, 4.05, 5.43, 5.85, 7.6, 8.31, 7.97, 7.75, 6.69]}]}",13.692197322845459,0.0,0.1106252670288086,Gemini Vision Pro,ChatGPT 3.5
2024-06-13 16:24:43,with_label.jpg,"{""metadata"": {""title"": ""Inflation Rate"", ""xaxis"": {""title"": ""Month""}, ""yaxis"": {""title"": ""Inflation Rate (%)""}}, ""data"": [{""name"": ""Inflation Rate"", ""x"": [""Oct-21"", ""Nov-21"", ""Dec-21"", ""Jan-22"", ""Feb-22"", ""Mar-22"", ""Apr-22"", ""May-22"", ""Jun-22"", ""Jul-22""], ""y"": [0.85, 1.87, 4.05, 5.43, 5.85, 7.6, 8.31, 7.97, 7.75, 6.69]}]}","{""metadata"": {""title"": ""Inflation Rate"", ""xaxis"": {""title"": ""Month""}, ""yaxis"": {""title"": ""Inflation Rate (%)""}}, ""data"": [{""name"": ""Inflation Rate"", ""x"": [""Oct-21"", ""Nov-21"", ""Dec-21"", ""Jan-22"", ""Feb-22"", ""Mar-22"", ""Apr-22"", ""May-22"", ""Jun-22"", ""Jul-22""], ""y"": [0.85, 1.87, 4.05, 5.43, 5.85, 7.6, 8.31, 7.97, 7.75, 6.69]}]}",13.93684697151184,0.0,0.14683866500854492,Gemini Vision Pro,ChatGPT 3.5
2024-06-13 16:35:33,with_label.jpg,"{""metadata"": {""title"": ""Inflation Rate over Time"", ""xaxis"": {""title"": ""Month""}, ""yaxis"": {""title"": ""Inflation Rate""}}, ""data"": [{""name"": ""Inflation Rate"", ""x"": [""Oct-21"", ""Nov-21"", ""Dec-21"", ""Jan-22"", ""Feb-22"", ""Mar-22"", ""Apr-22"", ""May-22"", ""Jun-22"", ""Jul-22""], ""y"": [0.85, 1.87, 4.05, 5.43, 5.85, 7.6, 8.31, 7.97, 7.75, 6.69]}]}","{""metadata"": {""title"": ""Inflation Rate over Time"", ""xaxis"": {""title"": ""Month""}, ""yaxis"": {""title"": ""Inflation Rate""}}, ""data"": [{""name"": ""Inflation Rate"", ""x"": [""Oct-21"", ""Nov-21"", ""Dec-21"", ""Jan-22"", ""Feb-22"", ""Mar-22"", ""Apr-22"", ""May-22"", ""Jun-22"", ""Jul-22""], ""y"": [0.85, 1.87, 4.05, 5.43, 5.85, 7.6, 8.31, 7.97, 7.75, 6.69]}]}",12.540838241577148,0.0,0.05293869972229004,Gemini Vision Pro,ChatGPT 3.5
2024-06-13 16:44:50,with_label.jpg,"{""metadata"": {""title"": ""Inflation Rate over Time"", ""xaxis"": {""title"": ""Month""}, ""yaxis"": {""title"": ""Inflation Rate""}}, ""data"": [{""name"": ""Inflation Rate"", ""x"": [""Oct-21"", ""Nov-21"", ""Dec-21"", ""Jan-22"", ""Feb-22"", ""Mar-22"", ""Apr-22"", ""May-22"", ""Jun-22"", ""Jul-22""], ""y"": [0.85, 1.87, 4.05, 5.43, 5.85, 7.6, 8.31, 7.97, 7.75, 6.69]}]}","{""metadata"": {""title"": ""Inflation Rate over Time"", ""xaxis"": {""title"": ""Month""}, ""yaxis"": {""title"": ""Inflation Rate""}}, ""data"": [{""name"": ""Inflation Rate"", ""x"": [""Oct-21"", ""Nov-21"", ""Dec-21"", ""Jan-22"", ""Feb-22"", ""Mar-22"", ""Apr-22"", ""May-22"", ""Jun-22"", ""Jul-22""], ""y"": [0.85, 1.87, 4.05, 5.43, 5.85, 7.6, 8.31, 7.97, 7.75, 6.69]}]}","You are an expert in reading the line charts. You will be given a line chart and you have to represent the line chart in tabular format, adhering to the following guidelines:				
        1. The table's title will be derived from the chart's title. If no title is provided, it will be based on the labels of the x and y axes, or left as 'NA' if neither is available.				
        2. Identify the the labels on the x-axes and y-axes. If no label is provided name them according to your knowledge.				
        3. Identify the legends in the line chart and label them accordingly. If no legends are provided, they will be named as 'plot1', 'plot2', and so forth.				
        4. Only data points located directly on the x-axes will be considered.				
        5. Consider the steps size of the y-axes and estimate the value of the data point precisely.				
        6. For line charts with dual y-axes, determine whether the line plot corresponds to which y-axes, then extract the value of the data points accordingly.				
        7. Only add numerical values to the table, no units and characters. Example if the value of the data point is 10% then write only 10 in the table.
        8. If there is only one line consider it as a single plot and any different color point on the line as special marker
        ",13.99599552154541,0.0,0.04949307441711426,Gemini Vision Pro,ChatGPT 3.5
2024-06-13 16:52:19,1711725089132.png,"{""metadata"": {""title"": ""Global and regional inflation"", ""xaxis"": {""title"": ""Years""}, ""yaxis"": {""title"": ""Inflation Rate""}}, ""data"": [{""name"": ""World"", ""x"": [""2010-2019 Average"", ""2022"", ""2023"", ""2024""], ""y"": [5, 8, 5, 6]}, {""name"": ""Developed Economies"", ""x"": [""2010-2019 Average"", ""2022"", ""2023"", ""2024""], ""y"": [2, 5, 4, 5]}, {""name"": ""Economies in transition"", ""x"": [""2010-2019 Average"", ""2022"", ""2023"", ""2024""], ""y"": [8, 14, 8, 10]}, {""name"": ""Africa"", ""x"": [""2010-2019 Average"", ""2022"", ""2023"", ""2024""], ""y"": [11, 17, 14, 18]}, {""name"": ""East Asia"", ""x"": [""2010-2019 Average"", ""2022"", ""2023"", ""2024""], ""y"": [2, 4, 3, 4]}, {""name"": ""South Asia"", ""x"": [""2010-2019 Average"", ""2022"", ""2023"", ""2024""], ""y"": [11, 14, 10, 13]}, {""name"": ""Western Asia and the Caribbean"", ""x"": [""2010-2019 Average"", ""2022"", ""2023"", ""2024""], ""y"": [25, 21, 18, 15]}, {""name"": ""Latin America and the Caribbean"", ""x"": [""2010-2019 Average"", ""2022"", ""2023"", ""2024""], ""y"": [9, 12, 9, 11]}]}","{""metadata"": {""title"": ""Global and regional inflation"", ""xaxis"": {""title"": ""Years""}, ""yaxis"": {""title"": ""Inflation Rate""}}, ""data"": [{""name"": ""World"", ""x"": [""2010-2019 Average"", ""2022"", ""2023"", ""2024""], ""y"": [5, 8, 5, 6]}, {""name"": ""Developed Economies"", ""x"": [""2010-2019 Average"", ""2022"", ""2023"", ""2024""], ""y"": [2, 5, 4, 5]}, {""name"": ""Economies in transition"", ""x"": [""2010-2019 Average"", ""2022"", ""2023"", ""2024""], ""y"": [8, 14, 8, 10]}, {""name"": ""Africa"", ""x"": [""2010-2019 Average"", ""2022"", ""2023"", ""2024""], ""y"": [11, 17, 14, 18]}, {""name"": ""East Asia"", ""x"": [""2010-2019 Average"", ""2022"", ""2023"", ""2024""], ""y"": [2, 4, 3, 4]}, {""name"": ""South Asia"", ""x"": [""2010-2019 Average"", ""2022"", ""2023"", ""2024""], ""y"": [11, 14, 10, 13]}, {""name"": ""Western Asia and the Caribbean"", ""x"": [""2010-2019 Average"", ""2022"", ""2023"", ""2024""], ""y"": [25, 21, 18, 15]}, {""name"": ""Latin America and the Caribbean"", ""x"": [""2010-2019 Average"", ""2022"", ""2023"", ""2024""], ""y"": [9, 12, 9, 11]}]}","You are an expert in reading the line charts. You will be given a line chart and you have to represent the line chart in tabular format, adhering to the following guidelines:				
        1. The table's title will be derived from the chart's title. If no title is provided, it will be based on the labels of the x and y axes, or left as 'NA' if neither is available.				
        2. Identify the the labels on the x-axes and y-axes. If no label is provided name them according to your knowledge.				
        3. Identify the legends in the line chart and label them accordingly. If no legends are provided, they will be named as 'plot1', 'plot2', and so forth.				
        4. Only data points located directly on the x-axes will be considered.				
        5. Consider the steps size of the y-axes and estimate the value of the data point precisely.				
        6. For line charts with dual y-axes, determine whether the line plot corresponds to which y-axes, then extract the value of the data points accordingly.				
        7. Only add numerical values to the table, no units and characters. Example if the value of the data point is 10% then write only 10 in the table.
        8. If there is only one line consider it as a single plot and any different color point on the line as special marker
        ",23.18226671218872,0.0,5.39829421043396,Gemini Vision Pro,ChatGPT 3.5
2024-06-13 16:58:52,monthly_values_plot.png,"{""metadata"": {""title"": ""Monthly Data for Plot 1"", ""xaxis"": {""title"": ""Month""}, ""yaxis"": {""title"": ""Values""}}, ""data"": [{""name"": ""plot1"", ""x"": [""Jan"", ""Feb"", ""Mar"", ""Apr"", ""May"", ""Jun"", ""Jul"", ""Aug"", ""Sep"", ""Oct"", ""Nov"", ""Dec""], ""y"": [1500, 1800, 2000, 2000, 1900, 1700, 1400, 1100, 1000, 1100, 1200, 1300]}]}","{""metadata"": {""title"": ""Monthly Data for Plot 1"", ""xaxis"": {""title"": ""Month""}, ""yaxis"": {""title"": ""Values""}}, ""data"": [{""name"": ""plot1"", ""x"": [""Jan"", ""Feb"", ""Mar"", ""Apr"", ""May"", ""Jun"", ""Jul"", ""Aug"", ""Sep"", ""Oct"", ""Nov"", ""Dec""], ""y"": [1500, 1800, 2000, 2000, 1900, 1700, 1400, 1100, 1000, 1100, 1200, 1300]}]}","You are an expert in reading the line charts. You will be given a line chart and you have to represent the line chart in tabular format, adhering to the following guidelines:				
        1. The table's title will be derived from the chart's title. If no title is provided, it will be based on the labels of the x and y axes, or left as 'NA' if neither is available.				
        2. Identify the the labels on the x-axes and y-axes. If no label is provided name them according to your knowledge.				
        3. Identify the legends in the line chart and label them accordingly. If no legends are provided, they will be named as 'plot1', 'plot2', and so forth.				
        4. Only data points located directly on the x-axes will be considered.				
        5. Consider the steps size of the y-axes and estimate the value of the data point precisely.				
        6. For line charts with dual y-axes, determine whether the line plot corresponds to which y-axes, then extract the value of the data points accordingly.				
        7. Only add numerical values to the table, no units and characters. Example if the value of the data point is 10% then write only 10 in the table.
        8. If there is only one line consider it as a single plot and any different color point on the line as special marker
        ",13.169599771499634,0.0,2.8019113540649414,Gemini Vision Pro,ChatGPT 3.5
2024-06-13 16:59:16,monthly_values_plot.png,"{""metadata"": {""title"": ""Monthly Sales Data"", ""xaxis"": {""title"": ""Month""}, ""yaxis"": {""title"": ""Sales""}}, ""data"": [{""name"": ""plot1"", ""x"": [""NA"", ""Jan"", ""Feb"", ""Mar"", ""Apr"", ""May"", ""Jun"", ""Jul"", ""Aug"", ""Sep"", ""Oct"", ""Nov"", ""Dec""], ""y"": [1500, 1800, 2000, 2000, 1900, 1700, 1400, 1100, 1000, 1100, 1200, 1300]}]}","{""metadata"": {""title"": ""Monthly Sales Data"", ""xaxis"": {""title"": ""Month""}, ""yaxis"": {""title"": ""Sales""}}, ""data"": [{""name"": ""plot1"", ""x"": [""NA"", ""Jan"", ""Feb"", ""Mar"", ""Apr"", ""May"", ""Jun"", ""Jul"", ""Aug"", ""Sep"", ""Oct"", ""Nov"", ""Dec""], ""y"": [1500, 1800, 2000, 2000, 1900, 1700, 1400, 1100, 1000, 1100, 1200, 1300]}]}","You are an expert in reading the line charts. You will be given a line chart and you have to represent the line chart in tabular format, adhering to the following guidelines:				
        1. The table's title will be derived from the chart's title. If no title is provided, it will be based on the labels of the x and y axes, or left as 'NA' if neither is available.				
        2. Identify the the labels on the x-axes and y-axes. If no label is provided name them according to your knowledge.				
        3. Identify the legends in the line chart and label them accordingly. If no legends are provided, they will be named as 'plot1', 'plot2', and so forth.				
        4. Only data points located directly on the x-axes will be considered.				
        5. Consider the steps size of the y-axes and estimate the value of the data point precisely.				
        6. For line charts with dual y-axes, determine whether the line plot corresponds to which y-axes, then extract the value of the data points accordingly.				
        7. Only add numerical values to the table, no units and characters. Example if the value of the data point is 10% then write only 10 in the table.
        8. If there is only one line consider it as a single plot and any different color point on the line as special marker
        ",13.950245380401611,0.0,0.06238436698913574,Gemini Vision Pro,ChatGPT 3.5
